Id	Name	Approximate Date Created	Commentary
amy_rat_rancher	Amy, Rat Rancher	2026/05/26	Ratting
grace_kelly_glamorous_star	Grace Kelly, Glamorous Star	2026/05/25	Rear Window is pretty good
lightningplate_equipment	Lightningplate	2026/05/25
grace_kelly_glamorous_star_back_preproduction	Preproduction	2026/05/25
streetslicer_blades	Streetslicer Blades	2026/05/25	Roller blades 🐱‍🐉 or roller skates 🐱‍💻?
mirrorsuit_equipment	Mirrorsuit	2026/05/25
crow_greaves	Crow Greaves	2026/05/25	Bird shoes
launder	Launder	2026/05/23
file	File	2026/05/23	Is it April fifteenth again?
subsidize_squirrels	Subsidize Squirrels	2026/05/20
bill_and_ted	Bill and Ted	2026/05/20	Excellent!
leslie_deputy_director	Leslie, Deputy Director	2026/05/20
atmosphere_skimmer	Atmosphere Skimmer	2026/05/20
sleeper_monument	Sleeper Monument	2026/05/14
prius_vehicle	Prius	2026/05/14	Works well with Vegan cost reducers like Community Garden and Faux Chicken Store.
lady_liberty_reforged	Lady Liberty, Reforged	2026/05/14	The replacement parts were sourced from IKEA (it's true).
heist_the_louvre	Heist the Louvre	2026/05/14	They'll be back (they just left for breakfast)
go_to_ihop	Go To IHop Or Go To Subwawy	2026/05/14
five_guys	Five Guys	2026/05/14
build_a_blockade	Build a Blockade	2026/05/14	Catan in real life
break_into_a_windows_users_house	Break Into a Windows User's House	2026/05/14	Not based on true events                                        yet
the_liaison	The Liaison	2026/05/14
tempt_the_merchants	Tempt the Merchants	2026/05/14
mariah_faithful	Mariah, Faithful Edition	2026/05/14
yosemite_falls	Yosemite Falls	2026/05/14
vending_machine	Vending Machine	2026/05/14	Vaccine vending machine that also sells croissants
unplanned_hike	Unplanned Hike	2026/05/14
trailhead	Trailhead	2026/05/14
the_guide_nialls_invention	The Guide, Niall's Invention	2026/05/14
road_trip_to_yosemite_back_yosemite_national_park	Yosemite National Park	2026/05/14
road_trip_to_yosemite	Road Trip To Yosemite	2026/05/14
park_ranger	Park Ranger	2026/05/14
nialls_jeep	Niall's Jeep	2026/05/14
niall_relentless_ranger	Niall, Relentless Ranger	2026/05/14
niall_enthused_explorer	Niall, Enthused Explorer	2026/05/14
nevasca_glacial	Nevasca Glacial	2026/05/14
nayeon_world_traveler	Nayeon, World Traveler	2026/05/14
nayeon_frontier_forager	Nayeon, Frontier Forager	2026/05/14
hike_the_beaten_path	Hike the Beaten Path	2026/05/14
half_dome	Half Dome	2026/05/14
group_hike	Group Hike	2026/05/14
date_at_henry_cowell_national_park_back_henry_cowell_national_park	Henry Cowell National Park	2026/05/14
date_at_henry_cowell_national_park	Date at Henry Cowell National Park	2026/05/14
cinder_cone	Cinder Cone	2026/05/14
campground	Campground	2026/05/14
becca_whisker_whisperer	Becca, Whisker Whisperer	2026/05/14
becca_baker_extraordinaire	Becca, Baker Extraordinaire	2026/05/14
time_to_farm	Time To Farm!	2026/05/14
steve	Steve	2026/05/14
enchantment_table	Enchantment Table	2026/05/14
alex	Alex	2026/05/14
warehouse_purchase	Warehouse Purchase	2026/05/14
think_again	Think Again	2026/05/14
the_test	The Test	2026/05/14
the_relax_sign	The Relax Sign	2026/05/14
the_bone_zone	The Bone Zone	2026/05/14	When the horizon bends in impossible ways, when the atmosphere is thick with the smell of calcium, when you feel as if you're falling and yet are completely stable on the ground, you might find yourself... in the Bone Zone.
that_elevator_button_original	That Elevator Button	2026/05/14
that_elevator_button	That Elevator Button (Alternate)	2026/05/14
swamp_swamped_by_swans	Swamp Swamped By Swans	2026/05/14
suplex_reversal	Suplex Reversal	2026/05/14
smokey_cinder_cone	Smokey Cinder Cone	2026/05/14
shooting_fish_in_a_barrel	Shooting Fish In A Barrel	2026/05/14
sacrificio_letal	Sacrificio Letal	2026/05/14
plot_armor	Plot Armor	2026/05/14
philosophy	Philosophy	2026/05/14
niall_with_sodium	Niall With Sodium	2026/05/14
misfire_arsenal	Misfire Arsenal	2026/05/14
magnetron	Magnetron	2026/05/14
jen_in_air	Jen In Air	2026/05/14
generous_gift	Generous Gift	2026/05/14
excessive_tax	Excessive Tax	2026/05/14
effective_lure	Effective Lure	2026/05/14
deer	Deer	2026/05/14	Corrupted?
corrupted_niall	Niall (Corrupted)	2026/05/14
containment_breach	Containment Breach	2026/05/14
chronokinesis	Chronokinesis	2026/05/14
biomechanical_alterations	Biomechanical Alterations	2026/05/14
beat_rice	BeaT Rice	2026/05/14
mariah_unknown_clone	Mariah (Unknown Clone)	2026/05/14
mariah_token_sacrifice	Mariah (Token Sacrifice)	2026/05/14
mariah_token_bonus	Mariah (Token Bonus)	2026/05/14
mariah_token_animator	Mariah (Token Animator)	2026/05/14
mariah_replacement	Mariah (Replacement)	2026/05/14
mariah_ramp	Mariah (Ramp)	2026/05/14
mariah_control	Mariah (Control)	2026/05/14
mariah_basic	Mariah	2026/05/14
winter_moon	Winter Moon	2026/05/14
the_altar	The Altar	2026/05/14
nadu_winged_wisdom	Nadu, Winged Wisdom	2026/05/14
mind_goblins_reference_card_2	Mind Goblin's Reference Card	2026/05/14
mind_goblin	Mind Goblin	2026/05/14
glacial_chasm	Glacial Chasm	2026/05/14
ecstatic_beauty	Ecstatic Beauty	2026/05/14
cosmonaut_zenith	Cosmonaut Zenith	2026/05/14
yeri_guiding_force	Yeri, Guiding Force	2026/05/14
winter_seasonal_balladeer	Winter, Seasonal Balladeer	2026/05/14
wheein_quiet_usurper	Wheein Quiet Usurper	2026/05/14
wendy_honored_to_lead	Wendy, Honored to Lead	2026/05/14
tzuyu_songwriter_extraordinaire	Tzuyu Songwriter Extraordinaire	2026/05/14
twice	Twice	2026/05/14
treasured_pendant	Treasured Pendant	2026/05/14
the_debut	The Debut	2026/05/14
taeyeon_venue_packer	Taeyeon Venue Packer	2026/05/14
solar_steadfast_cultivator	Solar, Steadfast Cultivator	2026/05/14
signed_on	Signed On	2026/05/14
show_recruitment	Show Recruitment	2026/05/14
shot_clock	Shot Clock	2026/05/14
seungyeon_friend_of_many	Seungyeon, Friend of Many	2026/05/14
seulgi_risk_taker	Seulgi, Risk Taker	2026/05/14
seri_joybringer	Seri, Joybringer	2026/05/14
sana_leader_of_legions	Sana Leader of Legions	2026/05/14
sakura	Sakura	2026/05/14
rose_flag_bearer	Rosé, Flag Bearer	2026/05/14
romantic_confession	Romantic Confession	2026/05/14
recruitment_spree	Recruitment Spree	2026/05/14
raid_the_kmart	Raid the KMart	2026/05/14
ningning_marine_prodigy	Ningning, Marine Prodigy	2026/05/14
nayeon_peacekeeper	Nayeon, Peacekeeper	2026/05/14
moonbyul_synchronized_plotter	Moonbyul, Synchronized Plotter	2026/05/14
sigourney_beaver	Sigourney Beaver	2026/06/01	Someone's dog got out... what the dog doin?
valley_of_hearts_delight_back_highway_280	Highway 280	2026/06/04
valley_of_hearts_delight	Valley of Heart's Delight	2026/06/03
momo_master_choreographer	Momo, Master Choreographer	2026/06/01	
mina_grave_recruiter	Mina, Grave Recruiter	2026/06/01	
matching_outfit	Matching Outfit	2026/06/01	
lisa_menacing_icon	Lisa, Menacing Icon	2026/06/01	
lead_member	Lead Member	2026/06/01	
kazuha_legion_devourer	Kazuha, Legion Devourer	2026/06/01	
karina_grounded_leader	Karina, Grounded Leader	2026/06/01	
jyp_headquarters	JYP Headquarters	2026/06/01
joy_cheerful_vacationer	Joy, Cheerful Vacationer	2026/06/01	
jisoo_convincing_liaison	Jisoo, Convincing Liaison	2026/06/01	
jihyo_trendsetter	Jihyo, Trendsetter	2026/06/01	
jeongyeon_comeback_frontrunner	Jeongyeon, Comeback Frontrunner	2026/06/01	
jennie_feared_lyricist	Jennie, Feared Lyricist	2026/06/01	
irene_chaos_visionary	Irene, Chaos Visionary	2026/06/01	
incheon_international_airport	Incheon International Airport	2026/06/01	
hwasa_peoples_advocate	Hwasa, Peoples Advocate	2026/06/01	
heedo_twentyfive	Heedo, Twentyfive	2026/06/01	
hari_expert_chef	Hari, Expert Chef	2026/06/01	
giselle_feisty_lyricist	Giselle, Feisty Lyricist	2026/06/01	
garam	Garam	2026/06/01	
forecasting_love_and_weather	Forecasting Love And Weather	2026/06/01	
first_snow	First Snow	2026/06/01	
eunchae	Eunchae	2026/06/01	
emart	Emart	2026/06/01	
dahyun_group_confidant	Dahyun, Group Confidant	2026/06/01	
chaeyoung_inspirer_of_the_masses	Chaeyoung, Inspirer of the Masses	2026/06/01	
chaewon	Chaewon	2026/06/01	
berate	Berate	2026/06/01	
behold_the_kpocalypse	Behold the KPocalypse	2026/06/01
awaited_debut	Awaited Debut	2026/06/01	
ring_fit_session	Ring Fit Session	2026/06/01	
repurpose_the_surplus	Repurpose the Surplus	2026/06/01	
fax_machine	Fax Machine	2026/06/01	Windows still supporting fax LOL
copier_machine	Copier Machine	2026/06/01	Where's the paste machine
christmas_in_july	Christmas In July	2026/06/01	99 Panasonic
mission_control	Mission Control	2026/06/01	I crew your Parhelion
matt_kowalski	Matt Kowalski	2026/06/01	Who would win? Matt 🥊 or Matt 🛰
kessler_effect	Kessler Effect	2026/06/01	
hubble_space_telescope	Hubble Space Telescope	2026/06/01	
doctor_ryan_stone	Doctor Ryan Stone	2026/06/01	
surreal	Surreal	2026/06/01	
running_slowly	Running Slowly	2026/06/01	
recurring_rift	Recurring Rift	2026/06/01	
journey_through_the_subconscious	Journey Through the Subconscious	2026/06/01	
i_wonder_how_it_ends	I Wonder How It Ends	2026/06/01	
getting_chased	Getting Chased	2026/06/01	
flying	Flying	2026/06/01	
feast_of_a_lifetime	Feast of A Lifetime	2026/06/01	
falling	Falling	2026/06/01	
elesh_morn_sleepyhead_back_well_done_invasion	Well Done Invasion	2026/06/01
elesh_morn_sleepyhead	Elesh, Morn Sleepyhead	2026/06/01	
date_in_the_future	Date In the Future	2026/06/01	
date_at_the_cat_cafe	Date At the Cat Cafe	2026/06/01	
date_at_frys_electronics	Date At Fry's Electronics	2026/06/01
another_recurring_nightmare	Another Recurring Nightmare	2026/06/01	
adventure	Adventure	2026/06/01	
a_momentary_lapse_in_physicality	A Momentary Lapse In Physicality	2026/06/01	
stephan_tableau_acolyte	Stephan, Tableau Acolyte	2026/06/01	
stephan_datamaster	Stephan, Datamaster	2026/06/01	
scott_the_astromancer	Scott, the Astromancer	2026/06/01	
scott_enlightened_thinker	Scott, Enlightened Thinker	2026/06/01	
park_imperial_counselor	Park, Imperial Counselor	2026/06/01	
mango_multiversal_constant	Mango, Multiversal Constant	2026/06/01	
david_life_of_the_party	David, Life of the Party	2026/06/01	
almond_and_milk_enjoyers	Almond And Milk Enjoyers	2026/06/01	
alex_airplane_devourer	Alex, Airplane Devourer	2026/06/01	
scryfalls_random_tale	Scryfalls Random Tale	2026/06/01	
scryfall_random	Scryfall Random	2026/06/01	
usps_delivery_truck	USPS Delivery Truck	2026/06/01	Excellent use of taxes
the_player	The Player	2026/06/01
the_contessa	The Contessa	2026/06/01
the_chainsaw_man	The Chainsaw Man	2026/06/01
the_beheaded	The Beheaded	2026/06/01
take_six	Take Six	2026/06/01	
senator_steven_armstrong	Senator Steven Armstrong	2026/06/01	
run_them_back	Run Them Back	2026/06/01
relic_nabber	Relic Nabber	2026/06/01	
recall_obelisk	Recall Obelisk	2026/06/01	
pistol	Pistol	2026/06/01	
one_punch_man	One Punch Man	2026/06/01	
megalodon	Megalodon	2026/06/01	
lt_elliot_and_trooper_wagner	Lt. Elliot And Trooper Wagner	2026/06/01
landline	Landline	2026/06/01	
joseph_traveling_merchant	Joseph, Traveling Merchant	2026/06/01	
joining_the_circus	Joining the Circus	2026/06/01	
high_sea_mutineers	High Sea Mutineers	2026/06/01	
hay_hauler	Hay Hauler	2026/06/01	
hatsune_miku_digital_idol	Hatsune Miku, Digital Idol	2026/06/01
hanging_chad	Hanging Chad	2026/06/01	
gather_in_the_public_square	Gather In the Public Square	2026/06/01	
garfield_banquet_devourer	Garfield, Banquet Devourer	2026/06/01	
falin_faceless_broker_life	Falin, Faceless Broker Life	2026/06/01	
emergency_meeting_version_2	Emergency Meeting (Ver. 2)	2026/06/01
emergency_meeting	Emergency Meeting	2026/06/01	
dracula	Dracula	2026/06/01	
coin	Coin	2026/06/01	
chain_of_waves	Chain of Waves	2026/06/01	
burnice	Burnice	2026/06/01	
bountiful_season	Bountiful Season	2026/06/01	
beast_seeker	Beast Seeker	2026/06/01	
atomic_separator	Atomic Separator	2026/06/01	
artificial_vendetta	Artificial Vendetta	2026/06/01	
aq_deep_drilling_unit_mk_iii	AQ Deep Drilling Unit Mk III	2026/06/01
apoapsis_crawler	Apoapsis Crawler	2026/06/01	
antinous_siiver_gunner	Antinous, SiIver Gunner	2026/06/01
uscss_nostromo	USCSS Nostromo	2026/06/01
the_xenomorph	The Xenomorph	2026/06/01
power_loader	Power Loader	2026/06/01	
newt_fearless_survivor	Newt, Fearless Survivor	2026/06/01	
lieutenant_ellen_ripley	Lieutenant Ellen Ripley	2026/06/01	
face_hugger_back_parasitic_attachment	Parasitic Attachment	2026/06/01
face_hugger	Face Hugger	2026/06/01	
bishop_artificial_person_back_still_operational	Still Operational	2026/06/01
bishop_artificial_person	Bishop, Artificial Person	2026/06/01	
time_machine	Time Machine	2026/06/05	
